author,content
USER,"Get some work done together, help each other."
Emily Carter,That sounds like a great idea! I'm always up for collaborating and helping each other out. What specific tasks do you have in mind?
Lucas Thompson,I was thinking we could work on some social media content together or analyze the performance of our recent campaigns. What do you think?
Emily Carter,"I think both options are great! Creating social media content could help us engage our audience, while analyzing our recent campaigns will give us insights into whatâ€™s working. Maybe we can start with the content creation and then move on to the analysis?"
Lucas Thompson,"That sounds like a solid plan! For the content creation, do you have any specific themes or ideas in mind that we should focus on?"
Emily Carter,"I was thinking we could focus on themes like seasonal promotions, user-generated content, or even behind-the-scenes looks at our agency. What do you think about those ideas?"
Lucas Thompson,"I love those ideas! We could definitely create some engaging posts around seasonal promotions, and user-generated content would be a fantastic way to involve our audience. Maybe we can also share some behind-the-scenes moments to give a personal touch. How about we brainstorm some specific posts for each theme?"
Emily Carter,"Great! For the seasonal promotions, we could create posts highlighting special offers or discounts. For user-generated content, we can encourage our audience to share their experiences with our services and feature their posts. As for behind-the-scenes moments, we could share photos or videos of our team at work or during team-building activities. What do you think?"
Lucas Thompson,"I think those are fantastic ideas! Highlighting special offers for seasonal promotions will definitely catch attention. Encouraging user-generated content is a great way to build community, and sharing behind-the-scenes moments will give our audience a glimpse into our culture. Maybe we can also create a specific hashtag for the user-generated content to make it easier to track?"
Emily Carter,That's a great idea! We could use a hashtag like #CreativeSolutionsCommunity or #ShareYourExperience. It should be something that resonates with our audience and encourages them to participate. What do you think?
Lucas Thompson,I really like both hashtags! They resonate well with our audience and encourage participation. I think we should go with #CreativeSolutionsCommunity since it emphasizes our brand and community aspect. What do you think?
